{
    "unicast":"172.16.2.99",
    "netmask":"255.255.255.0",
    "logging":{
        "level": "debug",
        "console": "true",
        "file":{
            "enable":"true",
            "path":"/vendor/etc/someip/dvrvims.log"
        },
        "dlt": "false"
    },
    "diagnosis":"0x18",
    "diagnosis_mask":"0xFF00",
    "applications":[
        {
            "name":"dvrvimsserver",
            "id":"0x1277"
        }
    ],
    "services":[
        {
            "service":"0x0402",
            "instance":"0x1",
            "multicast":{
                "address":"239.192.255.251",
                "port":"56001"
            },
            "reliable":{
                "port":"56001",
                "enable-magic-cookies":"false"
            },
            "unreliable":"56001"
        }
    ],
    "routing":"dvrvimsserver",
    "service-discovery":{
        "enable":"true",
        "multicast":"239.192.255.251",
        "port":"30490",
        "protocol":"udp",
        "initial_delay_min":"10",
        "initial_delay_max":"100",
        "repetitions_base_delay":"30",
        "repetitions_max":"3",
        "ttl":"3",
        "cyclic_offer_delay":"1000",
        "request_response_delay":"500"
    }
}

